id,name,gender,age,degree,stream,college_name,placement_status,salary,gpa,years_of_experience,salary_log
1,John Doe,,25,0,0,5,,60000,3.7,2.0,11.002099841204238
2,Jane Smith,,24,0,1,7,,65000,3.6,1.0,11.082142548877775
3,Michael Johnson,,26,0,4,11,,58000,3.8,3.0,10.968198289528557
4,Emily Davis,,23,0,3,43,,0,3.5,2.0,
5,David Brown,,24,0,0,9,,62000,3.9,2.0,11.03488966402723
6,Sarah Wilson,,25,0,2,2,,63000,3.7,1.0,11.05089000537367
7,James Martinez,,26,0,3,1,,59000,3.8,3.0,10.985292722887856
8,Emma Garcia,,24,0,0,21,,0,3.6,2.0,
9,Alexander Taylor,,25,0,1,34,,64000,3.7,2.0,11.06663836234181
10,Samantha Anderson,,23,0,4,8,,57000,3.5,1.0,10.950806546816688
11,William Hernandez,,24,0,0,3,,61000,3.9,2.0,11.018629143155449
12,Ava Lopez,,25,0,2,6,,0,3.8,3.0,
13,Daniel Martinez,,26,0,3,12,,63000,3.7,2.0,11.05089000537367
14,Mia Gonzalez,,24,0,0,30,,64000,3.6,1.0,11.06663836234181
15,Alexander Rodriguez,,23,0,1,15,,66000,3.8,3.0,11.097410021008562
16,Isabella Perez,,25,0,4,40,,0,3.7,2.0,
17,Ethan Turner,,26,0,0,42,,61000,3.9,2.0,11.018629143155449
18,Olivia Moore,,24,0,2,27,,62000,3.8,1.0,11.03488966402723
19,Mason Parker,,23,0,3,32,,59000,3.7,2.0,10.985292722887856
20,Amelia Rivera,,25,0,0,41,,65000,3.6,1.0,11.082142548877775
21,Lucas Reed,,24,0,1,17,,67000,3.5,3.0,11.112447898373103
22,Elizabeth Wood,,26,0,4,38,,0,3.8,3.0,
23,Aiden Ward,,23,0,0,19,,60000,3.7,2.0,11.002099841204238
24,Charlotte Ross,,25,0,2,37,,63000,3.6,1.0,11.05089000537367
25,Owen Brooks,,26,0,3,25,,60000,3.9,2.0,11.002099841204238
26,Grace Watson,,24,0,0,31,,0,3.8,3.0,
27,Jack Bailey,,23,0,1,29,,64000,3.7,2.0,11.06663836234181
28,Natalie Murphy,,25,0,4,13,,66000,3.5,1.0,11.097410021008562
29,Liam Russell,,24,0,0,35,,59000,3.7,2.0,10.985292722887856
30,Chloe Peterson,,26,0,2,22,,62000,3.6,1.0,11.03488966402723
31,Elijah Kelly,,23,0,3,36,,61000,3.9,2.0,11.018629143155449
32,Anna Cooper,,25,0,0,0,,0,3.8,3.0,
33,Lucas Reed,,26,0,1,10,,65000,3.5,3.0,11.082142548877775
34,Sophia Price,,24,0,2,14,,64000,3.6,1.0,11.06663836234181
35,Mason Parker,,23,0,3,4,,67000,3.7,2.0,11.112447898373103
36,Olivia Moore,,25,0,0,26,,0,3.6,1.0,
37,William Hernandez,,24,0,3,33,,63000,3.7,2.0,11.05089000537367
38,Amelia Rivera,,26,0,0,28,,62000,3.8,3.0,11.03488966402723
39,Ethan Turner,,23,0,1,20,,60000,3.7,2.0,11.002099841204238
40,Isabella Perez,,25,0,4,23,,61000,3.5,1.0,11.018629143155449
41,Daniel Martinez,,24,0,0,16,,0,3.9,2.0,
42,Mia Gonzalez,,26,0,2,24,,65000,3.7,1.0,11.082142548877775
43,Alexander Rodriguez,,23,0,3,18,,66000,3.8,3.0,11.097410021008562
44,Olivia Moore,,25,0,0,39,,63000,3.6,1.0,11.05089000537367
45,Jack Bailey,,26,0,1,40,,64000,3.9,2.0,11.06663836234181
46,Charlotte Ross,,24,0,4,20,,0,3.4,1.0,
47,Owen Brooks,,23,0,0,17,,65000,3.7,2.0,11.082142548877775
48,Grace Watson,,25,0,2,38,,66000,3.8,3.0,11.097410021008562
49,Liam Russell,,26,0,3,15,,67000,3.9,3.0,11.112447898373103
50,Chloe Peterson,,24,0,0,30,,68000,3.9,3.0,11.127262984158243
51,Elijah Kelly,,23,0,1,34,,0,3.7,2.0,
52,Anna Cooper,,25,0,4,41,,67000,3.8,3.0,11.112447898373103
53,Lucas Reed,,26,0,0,12,,66000,3.9,3.0,11.097410021008562
54,Sophia Price,,24,0,2,27,,65000,3.8,3.0,11.082142548877775
55,Mason Parker,,23,0,3,22,,66000,3.7,2.0,11.097410021008562
56,Olivia Moore,,25,0,0,32,,0,3.6,1.0,
57,William Hernandez,,24,0,3,29,,63000,3.7,2.0,11.05089000537367
58,Amelia Rivera,,26,0,0,36,,62000,3.8,3.0,11.03488966402723
59,Ethan Turner,,23,0,1,20,,60000,3.7,2.0,11.002099841204238
60,Isabella Perez,,25,0,4,23,,61000,3.5,1.0,11.018629143155449
61,Daniel Martinez,,24,0,0,16,,0,3.9,2.0,
62,Mia Gonzalez,,26,0,2,24,,65000,3.7,1.0,11.082142548877775
63,Alexander Rodriguez,,23,0,3,18,,66000,3.8,3.0,11.097410021008562
64,Olivia Moore,,25,0,0,39,,63000,3.6,1.0,11.05089000537367
65,Jack Bailey,,26,0,1,40,,64000,3.9,2.0,11.06663836234181
66,Charlotte Ross,,24,0,4,20,,0,3.4,1.0,
67,Owen Brooks,,23,0,0,17,,65000,3.7,2.0,11.082142548877775
68,Grace Watson,,25,0,2,38,,66000,3.8,3.0,11.097410021008562
69,Liam Russell,,26,0,3,15,,67000,3.9,3.0,11.112447898373103
70,Chloe Peterson,,24,0,0,30,,68000,3.9,3.0,11.127262984158243
71,Elijah Kelly,,23,0,1,34,,0,3.7,2.0,
72,Anna Cooper,,25,0,4,41,,67000,3.8,3.0,11.112447898373103
73,Lucas Reed,,26,0,0,12,,66000,3.9,3.0,11.097410021008562
74,Sophia Price,,24,0,2,27,,65000,3.8,3.0,11.082142548877775
75,Mason Parker,,23,0,3,22,,66000,3.7,2.0,11.097410021008562
76,Olivia Moore,,25,0,0,32,,0,3.6,1.0,
77,William Hernandez,,24,0,3,29,,63000,3.7,2.0,11.05089000537367
78,Amelia Rivera,,26,0,0,36,,62000,3.8,3.0,11.03488966402723
79,Ethan Turner,,23,0,1,20,,60000,3.7,2.0,11.002099841204238
80,Isabella Perez,,25,0,4,23,,61000,3.5,1.0,11.018629143155449
81,Daniel Martinez,,24,0,0,16,,0,3.9,2.0,
82,Mia Gonzalez,,26,0,2,24,,65000,3.7,1.0,11.082142548877775
83,Alexander Rodriguez,,23,0,3,18,,66000,3.8,3.0,11.097410021008562
84,Olivia Moore,,25,0,0,39,,63000,3.6,1.0,11.05089000537367
85,Jack Bailey,,26,0,1,40,,64000,3.9,2.0,11.06663836234181
86,Charlotte Ross,,24,0,4,20,,0,3.4,1.0,
87,Owen Brooks,,23,0,0,17,,65000,3.7,2.0,11.082142548877775
88,Grace Watson,,25,0,2,38,,66000,3.8,3.0,11.097410021008562
89,Liam Russell,,26,0,3,15,,67000,3.9,3.0,11.112447898373103
90,Chloe Peterson,,24,0,0,30,,68000,3.9,3.0,11.127262984158243
91,Elijah Kelly,,23,0,1,34,,0,3.7,2.0,
92,Anna Cooper,,25,0,4,41,,67000,3.8,3.0,11.112447898373103
93,Lucas Reed,,26,0,0,12,,66000,3.9,3.0,11.097410021008562
94,Sophia Price,,24,0,2,27,,65000,3.8,3.0,11.082142548877775
95,Mason Parker,,23,0,3,22,,66000,3.7,2.0,11.097410021008562
96,Olivia Moore,,25,0,0,32,,0,3.6,1.0,
97,William Hernandez,,24,0,3,29,,63000,3.7,2.0,11.05089000537367
98,Amelia Rivera,,26,0,0,36,,62000,3.8,3.0,11.03488966402723
99,Ethan Turner,,23,0,1,20,,60000,3.7,2.0,11.002099841204238
100,Isabella Perez,,25,0,4,23,,61000,3.5,1.0,11.018629143155449
101,Daniel Martinez,,24,0,0,16,,0,3.9,2.0,
102,Mia Gonzalez,,26,0,2,24,,65000,3.7,1.0,11.082142548877775
103,Alexander Rodriguez,,23,0,3,18,,66000,3.8,3.0,11.097410021008562
104,Olivia Moore,,25,0,0,39,,63000,3.6,1.0,11.05089000537367
105,Jack Bailey,,26,0,1,40,,64000,3.9,2.0,11.06663836234181
106,Charlotte Ross,,24,0,4,20,,0,3.4,1.0,
107,Owen Brooks,,23,0,0,17,,65000,3.7,2.0,11.082142548877775
108,Grace Watson,,25,0,2,38,,66000,3.8,3.0,11.097410021008562
109,Liam Russell,,26,0,3,15,,67000,3.9,3.0,11.112447898373103
110,Chloe Peterson,,24,0,0,30,,68000,3.9,3.0,11.127262984158243
111,Elijah Kelly,,23,0,1,34,,0,3.7,2.0,
112,Anna Cooper,,25,0,4,41,,67000,3.8,3.0,11.112447898373103
113,Lucas Reed,,26,0,0,12,,66000,3.9,3.0,11.097410021008562
114,Sophia Price,,24,0,2,27,,65000,3.8,3.0,11.082142548877775
115,Mason Parker,,23,0,3,22,,66000,3.7,2.0,11.097410021008562
116,Olivia Moore,,25,0,0,32,,0,3.6,1.0,
117,William Hernandez,,24,0,3,29,,63000,3.7,2.0,11.05089000537367
118,Amelia Rivera,,26,0,0,36,,62000,3.8,3.0,11.03488966402723
119,Ethan Turner,,23,0,1,20,,60000,3.7,2.0,11.002099841204238
120,Isabella Perez,,25,0,4,23,,61000,3.5,1.0,11.018629143155449
121,Daniel Martinez,,24,0,0,16,,0,3.9,2.0,
122,Mia Gonzalez,,26,0,2,24,,65000,3.7,1.0,11.082142548877775
123,Alexander Rodriguez,,23,0,3,18,,66000,3.8,3.0,11.097410021008562
124,Olivia Moore,,25,0,0,39,,63000,3.6,1.0,11.05089000537367
125,Jack Bailey,,26,0,1,40,,64000,3.9,2.0,11.06663836234181
126,Charlotte Ross,,24,0,4,20,,0,3.4,1.0,
127,Owen Brooks,,23,0,0,17,,65000,3.7,2.0,11.082142548877775
128,Grace Watson,,25,0,2,38,,66000,3.8,3.0,11.097410021008562
129,Liam Russell,,26,0,3,15,,67000,3.9,3.0,11.112447898373103
130,Chloe Peterson,,24,0,0,30,,68000,3.9,3.0,11.127262984158243
131,Elijah Kelly,,23,0,1,34,,0,3.7,2.0,
132,Anna Cooper,,25,0,4,41,,67000,3.8,3.0,11.112447898373103
133,Lucas Reed,,26,0,0,12,,66000,3.9,3.0,11.097410021008562
134,Sophia Price,,24,0,2,27,,65000,3.8,3.0,11.082142548877775
135,Mason Parker,,23,0,3,22,,66000,3.7,2.0,11.097410021008562
136,Olivia Moore,,25,0,0,32,,0,3.6,1.0,
137,William Hernandez,,24,0,3,29,,63000,3.7,2.0,11.05089000537367
138,Amelia Rivera,,26,0,0,36,,62000,3.8,3.0,11.03488966402723
139,Ethan Turner,,23,0,1,20,,60000,3.7,2.0,11.002099841204238
140,Isabella Perez,,25,0,4,23,,61000,3.5,1.0,11.018629143155449
141,Daniel Martinez,,24,0,0,16,,0,3.9,2.0,
142,Mia Gonzalez,,26,0,2,24,,65000,3.7,1.0,11.082142548877775
143,Alexander Rodriguez,,23,0,3,18,,66000,3.8,3.0,11.097410021008562
144,Olivia Moore,,25,0,0,39,,63000,3.6,1.0,11.05089000537367
145,Jack Bailey,,26,0,1,40,,64000,3.9,2.0,11.06663836234181
146,Charlotte Ross,,24,0,4,20,,0,3.4,1.0,
147,Owen Brooks,,23,0,0,17,,65000,3.7,2.0,11.082142548877775
148,Grace Watson,,25,0,2,38,,66000,3.8,3.0,11.097410021008562
149,Liam Russell,,26,0,3,15,,67000,3.9,3.0,11.112447898373103
150,Chloe Peterson,,24,0,0,30,,68000,3.9,3.0,11.127262984158243
151,Elijah Kelly,,23,0,1,34,,0,3.7,2.0,
152,Anna Cooper,,25,0,4,41,,67000,3.8,3.0,11.112447898373103
153,Lucas Reed,,26,0,0,12,,66000,3.9,3.0,11.097410021008562
154,Sophia Price,,24,0,2,27,,65000,3.8,3.0,11.082142548877775
155,Mason Parker,,23,0,3,22,,66000,3.7,2.0,11.097410021008562
156,Olivia Moore,,25,0,0,32,,0,3.6,1.0,
157,William Hernandez,,24,0,3,29,,63000,3.7,2.0,11.05089000537367
158,Amelia Rivera,,26,0,0,36,,62000,3.8,3.0,11.03488966402723
159,Ethan Turner,,23,0,1,20,,60000,3.7,2.0,11.002099841204238
160,Isabella Perez,,25,0,4,23,,61000,3.5,1.0,11.018629143155449
161,Daniel Martinez,,24,0,0,16,,0,3.9,2.0,
162,Mia Gonzalez,,26,0,2,24,,65000,3.7,1.0,11.082142548877775
163,Alexander Rodriguez,,23,0,3,18,,66000,3.8,3.0,11.097410021008562
164,Olivia Moore,,25,0,0,39,,63000,3.6,1.0,11.05089000537367
165,Jack Bailey,,26,0,1,40,,64000,3.9,2.0,11.06663836234181
166,Charlotte Ross,,24,0,4,20,,0,3.4,1.0,
167,Owen Brooks,,23,0,0,17,,65000,3.7,2.0,11.082142548877775
168,Grace Watson,,25,0,2,38,,66000,3.8,3.0,11.097410021008562
169,Liam Russell,,26,0,3,15,,67000,3.9,3.0,11.112447898373103
170,Chloe Peterson,,24,0,0,30,,68000,3.9,3.0,11.127262984158243
171,Elijah Kelly,,23,0,1,34,,0,3.7,2.0,
172,Anna Cooper,,25,0,4,41,,67000,3.8,3.0,11.112447898373103
173,Lucas Reed,,26,0,0,12,,66000,3.9,3.0,11.097410021008562
174,Sophia Price,,24,0,2,27,,65000,3.8,3.0,11.082142548877775
175,Mason Parker,,23,0,3,22,,66000,3.7,2.0,11.097410021008562
176,Olivia Moore,,25,0,0,32,,0,3.6,1.0,
177,William Hernandez,,24,0,3,29,,63000,3.7,2.0,11.05089000537367
178,Amelia Rivera,,26,0,0,36,,62000,3.8,3.0,11.03488966402723
179,Ethan Turner,,23,0,1,20,,60000,3.7,2.0,11.002099841204238
180,Isabella Perez,,25,0,4,23,,61000,3.5,1.0,11.018629143155449
181,Daniel Martinez,,24,0,0,16,,0,3.9,2.0,
182,Mia Gonzalez,,26,0,2,24,,65000,3.7,1.0,11.082142548877775
183,Alexander Rodriguez,,23,0,3,18,,66000,3.8,3.0,11.097410021008562
184,Olivia Moore,,25,0,0,39,,63000,3.6,1.0,11.05089000537367
185,Jack Bailey,,26,0,1,40,,64000,3.9,2.0,11.06663836234181
186,Charlotte Ross,,24,0,4,20,,0,3.4,1.0,
187,Owen Brooks,,23,0,0,17,,65000,3.7,2.0,11.082142548877775
188,Grace Watson,,25,0,2,38,,66000,3.8,3.0,11.097410021008562
189,Emma Brown,,23,0,3,29,,61000,3.7,2.0,11.018629143155449
190,Noah Garcia,,24,0,0,30,,64000,3.8,3.0,11.06663836234181
191,Sophia Martinez,,25,0,1,15,,66000,3.9,3.0,11.097410021008562
192,Liam Rodriguez,,26,0,4,40,,67000,3.9,3.0,11.112447898373103
193,Olivia Smith,,24,0,2,38,,68000,3.9,3.0,11.127262984158243
194,Ethan Johnson,,23,0,0,34,,0,3.7,2.0,
195,Ava Williams,,25,0,3,41,,67000,3.8,3.0,11.112447898373103
196,Liam Brown,,26,0,1,12,,66000,3.9,3.0,11.097410021008562
197,Amelia Smith,,24,0,4,27,,65000,3.8,3.0,11.082142548877775
198,William Garcia,,23,0,2,22,,66000,3.7,2.0,11.097410021008562
199,Olivia Brown,,25,0,0,32,,0,3.6,1.0,
200,Elijah Garcia,,24,0,3,29,,63000,3.7,2.0,11.05089000537367
201,Emma Brown,,23,0,0,30,,64000,3.8,3.0,11.06663836234181
202,Noah Garcia,,24,0,1,15,,66000,3.9,3.0,11.097410021008562
203,Sophia Martinez,,25,0,4,40,,67000,3.9,3.0,11.112447898373103
204,Liam Rodriguez,,26,0,2,38,,68000,3.9,3.0,11.127262984158243
205,Olivia Smith,,24,0,0,34,,0,3.7,2.0,
206,Ethan Johnson,,23,0,3,41,,67000,3.8,3.0,11.112447898373103
207,Ava Williams,,25,0,1,12,,66000,3.9,3.0,11.097410021008562
208,Liam Brown,,26,0,4,27,,65000,3.8,3.0,11.082142548877775
209,Amelia Smith,,24,0,2,22,,66000,3.7,2.0,11.097410021008562
210,William Garcia,,23,0,0,32,,0,3.6,1.0,
211,Olivia Brown,,25,0,3,29,,63000,3.7,2.0,11.05089000537367
212,Elijah Garcia,,24,0,1,30,,64000,3.8,3.0,11.06663836234181
213,Emma Brown,,23,0,4,15,,66000,3.9,3.0,11.097410021008562
214,Noah Garcia,,24,0,2,40,,67000,3.9,3.0,11.112447898373103
215,Sophia Martinez,,25,0,0,38,,68000,3.9,3.0,11.127262984158243
216,Liam Rodriguez,,26,0,3,34,,0,3.7,2.0,
217,Olivia Smith,,24,0,1,41,,67000,3.8,3.0,11.112447898373103
218,Ethan Johnson,,23,0,4,12,,66000,3.9,3.0,11.097410021008562
219,Ava Williams,,25,0,2,27,,65000,3.8,3.0,11.082142548877775
220,Liam Brown,,26,0,0,22,,66000,3.7,2.0,11.097410021008562
221,Amelia Smith,,24,0,3,32,,0,3.6,1.0,
222,William Garcia,,23,0,1,29,,63000,3.7,2.0,11.05089000537367
223,Olivia Brown,,25,0,4,30,,64000,3.8,3.0,11.06663836234181
224,Elijah Garcia,,24,0,2,15,,66000,3.9,3.0,11.097410021008562
225,Emma Brown,,23,0,0,40,,67000,3.9,3.0,11.112447898373103
226,Noah Garcia,,24,0,3,38,,68000,3.9,3.0,11.127262984158243
227,Sophia Martinez,,25,0,1,34,,0,3.7,2.0,
228,Liam Rodriguez,,26,0,4,41,,67000,3.8,3.0,11.112447898373103
229,Olivia Smith,,24,0,2,12,,66000,3.9,3.0,11.097410021008562
230,Ethan Johnson,,23,0,0,27,,65000,3.8,3.0,11.082142548877775
231,Ava Williams,,25,0,3,22,,66000,3.7,2.0,11.097410021008562
232,Liam Brown,,26,0,1,32,,0,3.6,1.0,
233,Amelia Smith,,24,0,4,29,,63000,3.7,2.0,11.05089000537367
234,William Garcia,,23,0,2,30,,64000,3.8,3.0,11.06663836234181
235,Olivia Brown,,25,0,0,15,,66000,3.9,3.0,11.097410021008562
236,Elijah Garcia,,24,0,3,40,,67000,3.9,3.0,11.112447898373103
237,Emma Brown,,23,0,1,38,,68000,3.9,3.0,11.127262984158243
238,Noah Garcia,,24,0,4,34,,0,3.7,2.0,
239,Sophia Martinez,,25,0,2,41,,67000,3.8,3.0,11.112447898373103
240,Liam Rodriguez,,26,0,0,12,,66000,3.9,3.0,11.097410021008562
241,Olivia Smith,,24,0,3,27,,65000,3.8,3.0,11.082142548877775
242,Ethan Johnson,,23,0,1,22,,66000,3.7,2.0,11.097410021008562
243,Ava Williams,,25,0,4,32,,0,3.6,1.0,
244,Liam Brown,,26,0,2,29,,63000,3.7,2.0,11.05089000537367
245,Amelia Smith,,24,0,0,30,,64000,3.8,3.0,11.06663836234181
246,William Garcia,,23,0,3,15,,66000,3.9,3.0,11.097410021008562
247,Olivia Brown,,25,0,1,40,,67000,3.9,3.0,11.112447898373103
248,Elijah Garcia,,24,0,4,38,,68000,3.9,3.0,11.127262984158243
249,Emma Brown,,23,0,2,34,,0,3.7,2.0,
250,Noah Garcia,,24,0,0,41,,67000,3.8,3.0,11.112447898373103
251,Sophia Martinez,,25,0,3,12,,66000,3.9,3.0,11.097410021008562
252,Liam Rodriguez,,26,0,1,27,,65000,3.8,3.0,11.082142548877775
253,Olivia Smith,,24,0,4,22,,66000,3.7,2.0,11.097410021008562
254,Ethan Johnson,,23,0,2,32,,0,3.6,1.0,
255,Ava Williams,,25,0,0,29,,63000,3.7,2.0,11.05089000537367
256,Liam Brown,,26,0,3,30,,64000,3.8,3.0,11.06663836234181
257,Amelia Smith,,24,0,1,15,,66000,3.9,3.0,11.097410021008562
258,William Garcia,,23,0,4,40,,67000,3.9,3.0,11.112447898373103
259,Olivia Brown,,25,0,2,38,,68000,3.9,3.0,11.127262984158243
260,Elijah Garcia,,24,0,0,34,,0,3.7,2.0,
261,Emma Brown,,23,0,3,41,,67000,3.8,3.0,11.112447898373103
262,Noah Garcia,,24,0,1,12,,66000,3.9,3.0,11.097410021008562
263,Sophia Martinez,,25,0,4,27,,65000,3.8,3.0,11.082142548877775
264,Liam Rodriguez,,26,0,2,22,,66000,3.7,2.0,11.097410021008562
265,Olivia Smith,,24,0,0,32,,0,3.6,1.0,
266,Ethan Johnson,,23,0,3,29,,63000,3.7,2.0,11.05089000537367
267,Ava Williams,,25,0,1,30,,64000,3.8,3.0,11.06663836234181
268,Liam Brown,,26,0,4,15,,66000,3.9,3.0,11.097410021008562
269,Amelia Smith,,24,0,2,40,,67000,3.9,3.0,11.112447898373103
270,William Garcia,,23,0,0,38,,68000,3.9,3.0,11.127262984158243
271,Olivia Brown,,25,0,3,34,,0,3.7,2.0,
272,Elijah Garcia,,24,0,1,41,,67000,3.8,3.0,11.112447898373103
273,Emma Brown,,23,0,4,12,,66000,3.9,3.0,11.097410021008562
274,Noah Garcia,,24,0,2,27,,65000,3.8,3.0,11.082142548877775
275,Sophia Martinez,,25,0,0,22,,66000,3.7,2.0,11.097410021008562
276,Liam Rodriguez,,24,0,0,17,,64000,3.6,2.0,11.06663836234181
277,Emily Watson,,25,0,1,38,,65000,3.7,2.0,11.082142548877775
278,Nathan Garcia,,23,0,3,15,,67000,3.8,3.0,11.112447898373103
279,Sophia Hernandez,,26,0,4,30,,68000,3.9,3.0,11.127262984158243
280,Oliver Martinez,,24,0,0,34,,0,3.7,2.0,
281,Amelia Lee,,25,0,2,41,,67000,3.8,3.0,11.112447898373103
282,Ethan Johnson,,23,0,3,12,,66000,3.9,3.0,11.097410021008562
283,Isabella Smith,,26,0,4,27,,65000,3.8,3.0,11.082142548877775
284,Aiden Brown,,24,0,0,22,,66000,3.7,2.0,11.097410021008562
285,Sophia Jones,,25,0,1,32,,0,3.6,1.0,
286,Lucas Taylor,,23,0,3,29,,63000,3.7,2.0,11.05089000537367
287,Emma Martinez,,26,0,4,36,,62000,3.8,3.0,11.03488966402723
288,Aiden Davis,,24,0,0,20,,60000,3.7,2.0,11.002099841204238
289,Mia Wilson,,23,0,2,23,,61000,3.5,1.0,11.018629143155449
290,Jack Garcia,,26,0,3,16,,0,3.9,2.0,
291,Emma Lopez,,24,0,4,24,,65000,3.7,1.0,11.082142548877775
292,Oliver Rodriguez,,23,0,0,18,,66000,3.8,3.0,11.097410021008562
293,Chloe Hernandez,,26,0,1,39,,63000,3.6,1.0,11.05089000537367
294,Ava Lee,,24,0,3,40,,64000,3.9,2.0,11.06663836234181
295,Liam Perez,,25,0,0,15,,67000,3.9,3.0,11.112447898373103
296,Isabella Martinez,,23,0,2,30,,68000,3.9,3.0,11.127262984158243
297,Alexander Lee,,26,0,3,34,,0,3.7,2.0,
298,Sophia Johnson,,24,0,4,41,,67000,3.8,3.0,11.112447898373103
299,Lucas Taylor,,23,0,0,12,,66000,3.9,3.0,11.097410021008562
300,Emma Martinez,,26,0,2,27,,65000,3.8,3.0,11.082142548877775
301,Aiden Davis,,24,0,0,22,,66000,3.7,2.0,11.097410021008562
302,Mia Wilson,,23,0,1,32,,0,3.6,1.0,
303,Jack Garcia,,26,0,3,29,,63000,3.7,2.0,11.05089000537367
304,Emma Lopez,,24,0,4,36,,62000,3.8,3.0,11.03488966402723
305,Oliver Rodriguez,,23,0,0,20,,60000,3.7,2.0,11.002099841204238
306,Chloe Hernandez,,26,0,1,23,,61000,3.5,1.0,11.018629143155449
307,Ava Lee,,24,0,3,16,,0,3.9,2.0,
308,Liam Perez,,25,0,0,24,,65000,3.7,1.0,11.082142548877775
309,Isabella Martinez,,23,0,2,18,,66000,3.8,3.0,11.097410021008562
310,Alexander Lee,,26,0,3,39,,63000,3.6,1.0,11.05089000537367
311,Sophia Johnson,,24,0,4,40,,64000,3.9,2.0,11.06663836234181
312,Lucas Taylor,,23,0,0,15,,67000,3.9,3.0,11.112447898373103
313,Emma Martinez,,26,0,2,30,,68000,3.9,3.0,11.127262984158243
314,Aiden Davis,,24,0,0,34,,0,3.7,2.0,
315,Mia Wilson,,23,0,1,41,,67000,3.8,3.0,11.112447898373103
316,Jack Garcia,,26,0,3,12,,66000,3.9,3.0,11.097410021008562
317,Emma Lopez,,24,0,4,27,,65000,3.8,3.0,11.082142548877775
318,Oliver Rodriguez,,23,0,0,22,,66000,3.7,2.0,11.097410021008562
319,Chloe Hernandez,,26,0,1,32,,0,3.6,1.0,
320,Ava Lee,,24,0,3,29,,63000,3.7,2.0,11.05089000537367
321,Liam Perez,,25,0,0,36,,62000,3.8,3.0,11.03488966402723
322,Isabella Martinez,,23,0,2,20,,60000,3.7,2.0,11.002099841204238
323,Alexander Lee,,26,0,3,23,,61000,3.5,1.0,11.018629143155449
324,Sophia Johnson,,24,0,4,16,,0,3.9,2.0,
325,Lucas Taylor,,23,0,0,24,,65000,3.7,1.0,11.082142548877775
326,Emma Martinez,,26,0,2,18,,66000,3.8,3.0,11.097410021008562
327,Aiden Davis,,24,0,0,39,,63000,3.6,1.0,11.05089000537367
328,Mia Wilson,,23,0,1,40,,64000,3.9,2.0,11.06663836234181
329,Jack Garcia,,26,0,3,30,,67000,3.9,3.0,11.112447898373103
330,Emma Lopez,,24,0,4,34,,0,3.7,2.0,
331,Oliver Rodriguez,,23,0,0,41,,67000,3.8,3.0,11.112447898373103
332,Chloe Hernandez,,26,0,1,15,,66000,3.9,3.0,11.097410021008562
333,Ava Lee,,24,0,3,12,,65000,3.9,3.0,11.082142548877775
334,Liam Perez,,25,0,0,27,,65000,3.8,3.0,11.082142548877775
335,Isabella Martinez,,23,0,2,22,,66000,3.7,2.0,11.097410021008562
336,Alexander Lee,,26,0,3,32,,0,3.6,1.0,
337,Sophia Johnson,,24,0,4,29,,63000,3.7,2.0,11.05089000537367
338,Lucas Taylor,,23,0,0,36,,62000,3.8,3.0,11.03488966402723
339,Emma Martinez,,26,0,2,20,,60000,3.7,2.0,11.002099841204238
340,Aiden Davis,,24,0,0,23,,61000,3.5,1.0,11.018629143155449
341,Mia Wilson,,23,0,1,16,,0,3.9,2.0,
342,Jack Garcia,,26,0,3,24,,65000,3.7,1.0,11.082142548877775
343,Emma Lopez,,24,0,4,18,,66000,3.8,3.0,11.097410021008562
344,Oliver Rodriguez,,23,0,0,39,,63000,3.6,1.0,11.05089000537367
345,Chloe Hernandez,,26,0,1,40,,64000,3.9,2.0,11.06663836234181
346,Ava Lee,,24,0,3,30,,67000,3.9,3.0,11.112447898373103
347,Liam Perez,,25,0,0,34,,0,3.7,2.0,
348,Isabella Martinez,,23,0,2,41,,67000,3.8,3.0,11.112447898373103
349,Alexander Lee,,26,0,3,12,,66000,3.9,3.0,11.097410021008562
350,Sophia Johnson,,24,0,4,27,,65000,3.8,3.0,11.082142548877775
351,Lucas Taylor,,23,0,0,22,,66000,3.7,2.0,11.097410021008562
352,Emma Martinez,,26,0,2,32,,0,3.6,1.0,
353,Aiden Davis,,24,0,0,29,,63000,3.7,2.0,11.05089000537367
354,Mia Wilson,,23,0,1,36,,62000,3.8,3.0,11.03488966402723
355,Jack Garcia,,26,0,3,20,,60000,3.7,2.0,11.002099841204238
356,Emma Lopez,,24,0,4,23,,61000,3.5,1.0,11.018629143155449
357,Oliver Rodriguez,,23,0,0,16,,0,3.9,2.0,
358,Chloe Hernandez,,26,0,1,24,,65000,3.7,1.0,11.082142548877775
359,Ava Lee,,24,0,3,18,,66000,3.8,3.0,11.097410021008562
360,Liam Perez,,25,0,0,39,,63000,3.6,1.0,11.05089000537367
361,Isabella Martinez,,23,0,2,40,,64000,3.9,2.0,11.06663836234181
362,Alexander Lee,,26,0,3,30,,67000,3.9,3.0,11.112447898373103
363,Sophia Johnson,,24,0,4,34,,0,3.7,2.0,
364,Lucas Taylor,,23,0,0,41,,67000,3.8,3.0,11.112447898373103
365,Emma Martinez,,26,0,2,12,,66000,3.9,3.0,11.097410021008562
366,Aiden Davis,,24,0,0,27,,65000,3.8,3.0,11.082142548877775
367,Mia Wilson,,23,0,1,22,,66000,3.7,2.0,11.097410021008562
368,Jack Garcia,,26,0,3,32,,0,3.6,1.0,
369,Emma Lopez,,24,0,4,29,,63000,3.7,2.0,11.05089000537367
370,Oliver Rodriguez,,23,0,0,36,,62000,3.8,3.0,11.03488966402723
371,Chloe Hernandez,,26,0,1,20,,60000,3.7,2.0,11.002099841204238
372,Ava Lee,,24,0,3,23,,61000,3.5,1.0,11.018629143155449
373,Liam Perez,,25,0,0,16,,0,3.9,2.0,
374,Isabella Martinez,,23,0,2,24,,65000,3.7,1.0,11.082142548877775
375,Alexander Lee,,26,0,3,18,,66000,3.8,3.0,11.097410021008562
376,Sophia Johnson,,24,0,4,39,,63000,3.6,1.0,11.05089000537367
377,Lucas Taylor,,23,0,0,30,,64000,3.9,2.0,11.06663836234181
378,Emma Martinez,,26,0,2,40,,67000,3.9,3.0,11.112447898373103
379,Aiden Davis,,24,0,0,15,,67000,3.8,3.0,11.112447898373103
380,Mia Wilson,,23,0,1,12,,66000,3.7,2.0,11.097410021008562
381,Jack Garcia,,26,0,3,27,,65000,3.8,3.0,11.082142548877775
382,Emma Lopez,,24,0,4,22,,66000,3.7,2.0,11.097410021008562
383,Oliver Rodriguez,,23,0,0,32,,0,3.6,1.0,
384,Chloe Hernandez,,26,0,1,29,,63000,3.7,2.0,11.05089000537367
385,Ava Lee,,24,0,3,36,,62000,3.8,3.0,11.03488966402723
386,Liam Perez,,25,0,0,20,,60000,3.7,2.0,11.002099841204238
387,Isabella Martinez,,23,0,2,23,,61000,3.5,1.0,11.018629143155449
388,Alexander Lee,,26,0,3,16,,0,3.9,2.0,
389,Sophia Johnson,,24,0,4,24,,65000,3.7,1.0,11.082142548877775
390,Lucas Taylor,,23,0,0,18,,66000,3.8,3.0,11.097410021008562
391,Emma Martinez,,26,0,2,39,,63000,3.6,1.0,11.05089000537367
392,Aiden Davis,,24,0,0,40,,64000,3.9,2.0,11.06663836234181
393,Mia Wilson,,23,0,1,30,,67000,3.9,3.0,11.112447898373103
394,Jack Garcia,,26,0,3,34,,0,3.7,2.0,
395,Emma Lopez,,24,0,4,41,,67000,3.8,3.0,11.112447898373103
396,Oliver Rodriguez,,23,0,0,12,,66000,3.9,3.0,11.097410021008562
397,Chloe Hernandez,,26,0,1,27,,65000,3.8,3.0,11.082142548877775
398,Ava Lee,,24,0,3,22,,66000,3.7,2.0,11.097410021008562
399,Liam Perez,,25,0,0,32,,0,3.6,1.0,
400,Isabella Martinez,,23,0,2,29,,63000,3.7,2.0,11.05089000537367
401,Alexander Lee,,26,0,3,36,,62000,3.8,3.0,11.03488966402723
402,Sophia Johnson,,24,0,4,20,,60000,3.7,2.0,11.002099841204238
403,Lucas Taylor,,23,0,0,23,,61000,3.5,1.0,11.018629143155449
404,Emma Martinez,,26,0,1,16,,0,3.9,2.0,
405,Aiden Davis,,24,0,0,24,,65000,3.7,1.0,11.082142548877775
406,Mia Wilson,,23,0,2,18,,66000,3.8,3.0,11.097410021008562
407,Jack Garcia,,26,0,3,39,,63000,3.6,1.0,11.05089000537367
408,Emma Lopez,,24,0,4,40,,64000,3.9,2.0,11.06663836234181
409,Oliver Rodriguez,,23,0,0,30,,67000,3.9,3.0,11.112447898373103
410,Chloe Hernandez,,26,0,1,34,,0,3.7,2.0,
411,Ava Lee,,24,0,3,41,,67000,3.8,3.0,11.112447898373103
412,Liam Perez,,25,0,0,12,,66000,3.9,3.0,11.097410021008562
413,Isabella Martinez,,23,0,2,27,,65000,3.8,3.0,11.082142548877775
414,Alexander Lee,,26,0,3,22,,66000,3.7,2.0,11.097410021008562
415,Sophia Johnson,,24,0,4,32,,0,3.6,1.0,
416,Lucas Taylor,,23,0,0,29,,63000,3.7,2.0,11.05089000537367
417,Emma Martinez,,26,0,2,36,,62000,3.8,3.0,11.03488966402723
418,Aiden Davis,,24,0,0,20,,60000,3.7,2.0,11.002099841204238
419,Mia Wilson,,23,0,1,23,,61000,3.5,1.0,11.018629143155449
420,Jack Garcia,,26,0,3,16,,0,3.9,2.0,
421,Emma Lopez,,24,0,4,24,,65000,3.7,1.0,11.082142548877775
422,Oliver Rodriguez,,23,0,0,18,,66000,3.8,3.0,11.097410021008562
423,Chloe Hernandez,,26,0,1,39,,63000,3.6,1.0,11.05089000537367
424,Ava Lee,,24,0,3,40,,64000,3.9,2.0,11.06663836234181
425,Liam Perez,,25,0,0,30,,67000,3.9,3.0,11.112447898373103
426,Isabella Martinez,,23,0,2,34,,0,3.7,2.0,
427,Alexander Lee,,26,0,3,41,,67000,3.8,3.0,11.112447898373103
428,Sophia Johnson,,24,0,4,12,,66000,3.9,3.0,11.097410021008562
429,Lucas Taylor,,23,0,0,27,,65000,3.8,3.0,11.082142548877775
430,Emma Martinez,,26,0,2,22,,66000,3.7,2.0,11.097410021008562
431,Aiden Davis,,24,0,0,32,,0,3.6,1.0,
432,Mia Wilson,,23,0,1,29,,63000,3.7,2.0,11.05089000537367
433,Jack Garcia,,26,0,3,36,,62000,3.8,3.0,11.03488966402723
434,Emma Lopez,,24,0,4,20,,60000,3.7,2.0,11.002099841204238
435,Oliver Rodriguez,,23,0,0,23,,61000,3.5,1.0,11.018629143155449
436,Chloe Hernandez,,26,0,1,16,,0,3.9,2.0,
437,Ava Lee,,24,0,3,24,,65000,3.7,1.0,11.082142548877775
438,Liam Perez,,25,0,0,18,,66000,3.8,3.0,11.097410021008562
439,Isabella Martinez,,23,0,2,39,,63000,3.6,1.0,11.05089000537367
440,Alexander Lee,,26,0,3,40,,64000,3.9,2.0,11.06663836234181
441,Sophia Johnson,,24,0,4,30,,67000,3.9,3.0,11.112447898373103
442,Lucas Taylor,,23,0,0,34,,0,3.7,2.0,
443,Emma Martinez,,26,0,2,41,,67000,3.8,3.0,11.112447898373103
444,Aiden Davis,,24,0,0,12,,66000,3.9,3.0,11.097410021008562
445,Mia Wilson,,23,0,1,27,,65000,3.8,3.0,11.082142548877775
446,Jack Garcia,,26,0,3,22,,66000,3.7,2.0,11.097410021008562
447,Emma Lopez,,24,0,4,32,,0,3.6,1.0,
448,Oliver Rodriguez,,23,0,0,29,,63000,3.7,2.0,11.05089000537367
449,Chloe Hernandez,,26,0,1,36,,62000,3.8,3.0,11.03488966402723
450,Ava Lee,,24,0,3,20,,60000,3.7,2.0,11.002099841204238
451,Liam Perez,,25,0,0,23,,61000,3.5,1.0,11.018629143155449
452,Isabella Martinez,,23,0,2,16,,0,3.9,2.0,
453,Alexander Lee,,26,0,3,24,,65000,3.7,1.0,11.082142548877775
454,Sophia Johnson,,24,0,4,18,,66000,3.8,3.0,11.097410021008562
455,Lucas Taylor,,23,0,0,39,,63000,3.6,1.0,11.05089000537367
456,Emma Martinez,,26,0,2,40,,64000,3.9,2.0,11.06663836234181
457,Aiden Davis,,24,0,0,30,,67000,3.9,3.0,11.112447898373103
458,Mia Wilson,,23,0,1,34,,0,3.7,2.0,
459,Jack Garcia,,26,0,3,41,,67000,3.8,3.0,11.112447898373103
460,Emma Lopez,,24,0,4,12,,66000,3.9,3.0,11.097410021008562
461,Oliver Rodriguez,,23,0,0,27,,65000,3.8,3.0,11.082142548877775
462,Chloe Hernandez,,26,0,1,22,,66000,3.7,2.0,11.097410021008562
463,Ava Lee,,24,0,3,32,,0,3.6,1.0,
464,Liam Perez,,25,0,0,29,,63000,3.7,2.0,11.05089000537367
465,Isabella Martinez,,23,0,2,36,,62000,3.8,3.0,11.03488966402723
466,Alexander Lee,,26,0,3,20,,60000,3.7,2.0,11.002099841204238
467,Sophia Johnson,,24,0,4,23,,61000,3.5,1.0,11.018629143155449
468,Lucas Taylor,,23,0,0,16,,0,3.9,2.0,
469,Emma Martinez,,26,0,2,24,,65000,3.7,1.0,11.082142548877775
470,Aiden Davis,,24,0,0,18,,66000,3.8,3.0,11.097410021008562
471,Mia Wilson,,23,0,1,39,,63000,3.6,1.0,11.05089000537367
472,Jack Garcia,,26,0,3,40,,64000,3.9,2.0,11.06663836234181
473,Emma Lopez,,24,0,4,30,,67000,3.9,3.0,11.112447898373103
474,Oliver Rodriguez,,23,0,0,34,,0,3.7,2.0,
475,Chloe Hernandez,,26,0,1,41,,67000,3.8,3.0,11.112447898373103
476,Ava Lee,,24,0,3,12,,66000,3.9,3.0,11.097410021008562
477,Liam Perez,,25,0,0,27,,65000,3.8,3.0,11.082142548877775
478,Isabella Martinez,,23,0,2,22,,66000,3.7,2.0,11.097410021008562
479,Alexander Lee,,26,0,3,32,,0,3.6,1.0,
480,Sophia Johnson,,24,0,4,29,,63000,3.7,2.0,11.05089000537367
481,Lucas Taylor,,23,0,0,36,,62000,3.8,3.0,11.03488966402723
482,Emma Martinez,,26,0,2,20,,60000,3.7,2.0,11.002099841204238
483,Aiden Davis,,24,0,0,23,,61000,3.5,1.0,11.018629143155449
484,Mia Wilson,,23,0,1,16,,0,3.9,2.0,
485,Jack Garcia,,26,0,3,24,,65000,3.7,1.0,11.082142548877775
486,Emma Lopez,,24,0,4,18,,66000,3.8,3.0,11.097410021008562
487,Oliver Rodriguez,,23,0,0,39,,63000,3.6,1.0,11.05089000537367
488,Chloe Hernandez,,26,0,1,40,,64000,3.9,2.0,11.06663836234181
489,Ava Lee,,24,0,3,30,,67000,3.9,3.0,11.112447898373103
490,Liam Perez,,25,0,0,34,,0,3.7,2.0,
491,Isabella Martinez,,23,0,2,41,,67000,3.8,3.0,11.112447898373103
492,Alexander Lee,,26,0,3,12,,66000,3.9,3.0,11.097410021008562
493,Sophia Johnson,,24,0,4,27,,65000,3.8,3.0,11.082142548877775
494,Lucas Taylor,,23,0,0,22,,66000,3.7,2.0,11.097410021008562
495,Emma Martinez,,26,0,2,32,,0,3.6,1.0,
496,Aiden Davis,,24,0,0,29,,63000,3.7,2.0,11.05089000537367
497,Mia Wilson,,23,0,1,36,,62000,3.8,3.0,11.03488966402723
498,Jack Garcia,,26,0,3,20,,60000,3.7,2.0,11.002099841204238
499,Emma Lopez,,24,0,4,23,,61000,3.5,1.0,11.018629143155449
500,Oliver Rodriguez,,23,0,0,16,,0,3.9,2.0,
501,Chloe Hernandez,,26,0,1,24,,65000,3.7,1.0,11.082142548877775
502,Ava Lee,,24,0,3,18,,66000,3.8,3.0,11.097410021008562
503,Liam Perez,,25,0,0,39,,63000,3.6,1.0,11.05089000537367
504,Isabella Martinez,,23,0,2,40,,64000,3.9,2.0,11.06663836234181
505,Alexander Lee,,26,0,3,30,,67000,3.9,3.0,11.112447898373103
506,Sophia Johnson,,24,0,4,34,,0,3.7,2.0,
507,Lucas Taylor,,23,0,0,41,,67000,3.8,3.0,11.112447898373103
508,Emma Martinez,,26,0,2,12,,66000,3.9,3.0,11.097410021008562
509,Aiden Davis,,24,0,0,27,,65000,3.8,3.0,11.082142548877775
510,Mia Wilson,,23,0,1,22,,66000,3.7,2.0,11.097410021008562
511,Jack Garcia,,26,0,3,32,,0,3.6,1.0,
512,Emma Lopez,,24,0,4,29,,63000,3.7,2.0,11.05089000537367
513,Oliver Rodriguez,,23,0,0,36,,62000,3.8,3.0,11.03488966402723
514,Chloe Hernandez,,26,0,1,20,,60000,3.7,2.0,11.002099841204238
515,Ava Lee,,24,0,3,23,,61000,3.5,1.0,11.018629143155449
516,Liam Perez,,25,0,0,16,,0,3.9,2.0,
517,Isabella Martinez,,23,0,2,24,,65000,3.7,1.0,11.082142548877775
518,Alexander Lee,,26,0,3,18,,66000,3.8,3.0,11.097410021008562
519,Sophia Johnson,,24,0,4,39,,63000,3.6,1.0,11.05089000537367
520,Lucas Taylor,,23,0,0,30,,64000,3.9,2.0,11.06663836234181
521,Emma Martinez,,26,0,2,40,,67000,3.9,3.0,11.112447898373103
522,Aiden Davis,,24,0,0,15,,67000,3.8,3.0,11.112447898373103
523,Mia Wilson,,23,0,1,12,,66000,3.7,2.0,11.097410021008562
524,Jack Garcia,,26,0,3,27,,65000,3.8,3.0,11.082142548877775
525,Emma Lopez,,24,0,4,22,,66000,3.7,2.0,11.097410021008562
526,Oliver Rodriguez,,23,0,0,32,,0,3.6,1.0,
527,Chloe Hernandez,,26,0,1,29,,63000,3.7,2.0,11.05089000537367
528,Ava Lee,,24,0,3,36,,62000,3.8,3.0,11.03488966402723
529,Liam Perez,,25,0,0,20,,60000,3.7,2.0,11.002099841204238
530,Isabella Martinez,,23,0,2,23,,61000,3.5,1.0,11.018629143155449
531,Alexander Lee,,26,0,3,16,,0,3.9,2.0,
532,Sophia Johnson,,24,0,4,24,,65000,3.7,1.0,11.082142548877775
533,Lucas Taylor,,23,0,0,18,,66000,3.8,3.0,11.097410021008562
534,Emma Martinez,,26,0,2,39,,63000,3.6,1.0,11.05089000537367
535,Aiden Davis,,24,0,0,40,,64000,3.9,2.0,11.06663836234181
536,Mia Wilson,,23,0,1,30,,67000,3.9,3.0,11.112447898373103
537,Jack Garcia,,26,0,3,34,,0,3.7,2.0,
538,Emma Lopez,,24,0,4,41,,67000,3.8,3.0,11.112447898373103
539,Oliver Rodriguez,,23,0,0,12,,66000,3.9,3.0,11.097410021008562
540,Chloe Hernandez,,26,0,1,27,,65000,3.8,3.0,11.082142548877775
541,Ava Lee,,24,0,3,22,,66000,3.7,2.0,11.097410021008562
542,Liam Perez,,25,0,0,32,,0,3.6,1.0,
543,Isabella Martinez,,23,0,2,29,,63000,3.7,2.0,11.05089000537367
544,Alexander Lee,,26,0,3,36,,62000,3.8,3.0,11.03488966402723
545,Sophia Johnson,,24,0,4,20,,60000,3.7,,11.002099841204238
546,Lucas Taylor,,23,0,0,16,,0,3.9,2.0,
547,Emma Martinez,,26,0,2,24,,65000,3.7,1.0,11.082142548877775
548,Aiden Davis,,24,0,0,18,,66000,3.8,3.0,11.097410021008562
549,Mia Wilson,,23,0,1,39,,63000,3.6,1.0,11.05089000537367
550,Jack Garcia,,26,0,3,40,,64000,3.9,2.0,11.06663836234181
551,Emma Lopez,,24,0,4,30,,67000,3.9,3.0,11.112447898373103
552,Oliver Rodriguez,,23,0,0,34,,0,3.7,2.0,
553,Chloe Hernandez,,26,0,1,41,,67000,3.8,3.0,11.112447898373103
554,Ava Lee,,24,0,3,12,,66000,3.9,3.0,11.097410021008562
555,Liam Perez,,25,0,0,27,,65000,3.8,3.0,11.082142548877775
556,Isabella Martinez,,23,0,2,22,,66000,3.7,2.0,11.097410021008562
557,Alexander Lee,,26,0,3,32,,0,3.6,1.0,
558,Sophia Johnson,,24,0,4,29,,63000,3.7,2.0,11.05089000537367
559,Lucas Taylor,,23,0,0,36,,62000,3.8,3.0,11.03488966402723
560,Emma Martinez,,26,0,2,20,,60000,3.7,2.0,11.002099841204238
561,Aiden Davis,,24,0,0,23,,61000,3.5,1.0,11.018629143155449
562,Mia Wilson,,23,0,1,16,,0,3.9,2.0,
563,Jack Garcia,,26,0,3,24,,65000,3.7,1.0,11.082142548877775
564,Emma Lopez,,24,0,4,18,,66000,3.8,3.0,11.097410021008562
565,Oliver Rodriguez,,23,0,0,39,,63000,3.6,1.0,11.05089000537367
566,Chloe Hernandez,,26,0,1,40,,64000,3.9,2.0,11.06663836234181
567,Ava Lee,,24,0,3,30,,67000,3.9,3.0,11.112447898373103
568,Liam Perez,,25,0,0,34,,0,3.7,2.0,
569,Isabella Martinez,,23,0,2,41,,67000,3.8,3.0,11.112447898373103
570,Alexander Lee,,26,0,3,12,,66000,3.9,3.0,11.097410021008562
571,Sophia Johnson,,24,0,4,27,,65000,3.8,3.0,11.082142548877775
572,Lucas Taylor,,23,0,0,22,,66000,3.7,2.0,11.097410021008562
573,Emma Martinez,,26,0,2,32,,0,3.6,1.0,
574,Aiden Davis,,24,0,0,29,,63000,3.7,2.0,11.05089000537367
575,Mia Wilson,,23,0,1,36,,62000,3.8,3.0,11.03488966402723
576,Jack Garcia,,26,0,3,20,,60000,3.7,2.0,11.002099841204238
577,Emma Lopez,,24,0,4,23,,61000,3.5,1.0,11.018629143155449
578,Oliver Rodriguez,,23,0,0,16,,0,3.9,2.0,
579,Chloe Hernandez,,26,0,1,24,,65000,3.7,1.0,11.082142548877775
580,Ava Lee,,24,0,3,18,,66000,3.8,3.0,11.097410021008562
581,Liam Perez,,25,0,0,39,,63000,3.6,1.0,11.05089000537367
582,Isabella Martinez,,23,0,2,40,,64000,3.9,2.0,11.06663836234181
583,Alexander Lee,,26,0,3,30,,67000,3.9,3.0,11.112447898373103
584,Sophia Johnson,,24,0,4,34,,0,3.7,2.0,
585,Lucas Taylor,,23,0,0,41,,67000,3.8,3.0,11.112447898373103
586,Emma Martinez,,26,0,2,12,,66000,3.9,3.0,11.097410021008562
587,Aiden Davis,,24,0,0,27,,65000,3.8,3.0,11.082142548877775
588,Mia Wilson,,23,0,1,22,,66000,3.7,2.0,11.097410021008562
589,Jack Garcia,,26,0,3,32,,0,3.6,1.0,
590,Emma Lopez,,24,0,4,29,,63000,3.7,2.0,11.05089000537367
591,Oliver Rodriguez,,23,0,0,36,,62000,3.8,3.0,11.03488966402723
592,Chloe Hernandez,,26,0,1,20,,60000,3.7,2.0,11.002099841204238
593,Ava Lee,,24,0,3,23,,61000,3.5,1.0,11.018629143155449
594,Liam Perez,,25,0,0,16,,0,3.9,2.0,
595,Isabella Martinez,,23,0,2,24,,65000,3.7,1.0,11.082142548877775
596,Alexander Lee,,26,0,3,18,,66000,3.8,3.0,11.097410021008562
597,Sophia Johnson,,24,0,4,39,,63000,3.6,1.0,11.05089000537367
598,Lucas Taylor,,23,0,0,30,,64000,3.9,2.0,11.06663836234181
599,Emma Martinez,,26,0,2,40,,67000,3.9,3.0,11.112447898373103
600,Aiden Davis,,24,0,0,15,,67000,3.8,3.0,11.112447898373103
601,Mia Wilson,,23,0,1,12,,66000,3.7,2.0,11.097410021008562
602,Jack Garcia,,26,0,3,27,,65000,3.8,3.0,11.082142548877775
603,Emma Lopez,,24,0,4,22,,66000,3.7,2.0,11.097410021008562
604,Oliver Rodriguez,,23,0,0,32,,0,3.6,1.0,
605,Chloe Hernandez,,26,0,1,29,,63000,3.7,2.0,11.05089000537367
606,Ava Lee,,24,0,3,36,,62000,3.8,3.0,11.03488966402723
607,Liam Perez,,25,0,0,20,,60000,3.7,2.0,11.002099841204238
608,Isabella Martinez,,23,0,2,23,,61000,3.5,1.0,11.018629143155449
609,Alexander Lee,,26,0,3,16,,0,3.9,2.0,
610,Sophia Johnson,,24,0,4,24,,65000,3.7,1.0,11.082142548877775
611,Lucas Taylor,,23,0,0,18,,66000,3.8,3.0,11.097410021008562
612,Emma Martinez,,26,0,2,39,,63000,3.6,1.0,11.05089000537367
613,Aiden Davis,,24,0,0,40,,64000,3.9,2.0,11.06663836234181
614,Mia Wilson,,23,0,1,30,,67000,3.9,3.0,11.112447898373103
615,Jack Garcia,,26,0,3,34,,0,3.7,2.0,
616,Emma Lopez,,24,0,4,41,,67000,3.8,3.0,11.112447898373103
617,Oliver Rodriguez,,23,0,0,12,,66000,3.9,3.0,11.097410021008562
618,Chloe Hernandez,,26,0,1,27,,65000,3.8,3.0,11.082142548877775
619,Emma Martinez,,26,0,2,22,,66000,3.7,2.0,11.097410021008562
620,Aiden Davis,,24,0,0,32,,0,3.6,1.0,
621,Mia Wilson,,23,0,1,29,,63000,3.7,2.0,11.05089000537367
622,Jack Garcia,,26,0,3,36,,62000,3.8,3.0,11.03488966402723
623,Emma Lopez,,24,0,4,20,,60000,3.7,2.0,11.002099841204238
624,Oliver Rodriguez,,23,0,0,23,,61000,3.5,1.0,11.018629143155449
625,Chloe Hernandez,,26,0,1,16,,0,3.9,2.0,
626,Ava Lee,,24,0,3,24,,65000,3.7,1.0,11.082142548877775
627,Liam Perez,,25,0,0,18,,66000,3.8,3.0,11.097410021008562
628,Isabella Martinez,,23,0,2,39,,63000,3.6,1.0,11.05089000537367
629,Alexander Lee,,26,0,3,40,,64000,3.9,2.0,11.06663836234181
630,Sophia Johnson,,24,0,4,30,,67000,3.9,3.0,11.112447898373103
631,Lucas Taylor,,23,0,0,34,,0,3.7,2.0,
632,Emma Martinez,,26,0,2,41,,67000,3.8,3.0,11.112447898373103
633,Aiden Davis,,24,0,0,12,,66000,3.9,3.0,11.097410021008562
634,Mia Wilson,,23,0,1,27,,65000,3.8,3.0,11.082142548877775
635,Jack Garcia,,26,0,3,22,,66000,3.7,2.0,11.097410021008562
636,Emma Lopez,,24,0,4,32,,0,3.6,1.0,
637,Oliver Rodriguez,,23,0,0,29,,63000,3.7,2.0,11.05089000537367
638,Chloe Hernandez,,26,0,1,36,,62000,3.8,3.0,11.03488966402723
639,Ava Lee,,24,0,3,20,,60000,3.7,2.0,11.002099841204238
640,Liam Perez,,25,0,0,23,,61000,3.5,1.0,11.018629143155449
641,Isabella Martinez,,23,0,2,16,,0,3.9,2.0,
642,Alexander Lee,,26,0,3,24,,65000,3.7,1.0,11.082142548877775
643,Sophia Johnson,,24,0,4,18,,66000,3.8,3.0,11.097410021008562
644,Lucas Taylor,,23,0,0,39,,63000,3.6,1.0,11.05089000537367
645,Emma Martinez,,26,0,2,40,,64000,3.9,2.0,11.06663836234181
646,Aiden Davis,,24,0,0,30,,67000,3.9,3.0,11.112447898373103
647,Mia Wilson,,23,0,1,34,,0,3.7,2.0,
648,Jack Garcia,,26,0,3,41,,67000,3.8,3.0,11.112447898373103
649,Emma Lopez,,24,0,4,12,,66000,3.9,3.0,11.097410021008562
650,Oliver Rodriguez,,23,0,0,27,,65000,3.8,3.0,11.082142548877775
651,Chloe Hernandez,,26,0,1,22,,66000,3.7,2.0,11.097410021008562
652,Ava Lee,,24,0,3,32,,0,3.6,1.0,
653,Liam Perez,,25,0,0,29,,63000,3.7,2.0,11.05089000537367
654,Isabella Martinez,,23,0,2,36,,62000,3.8,3.0,11.03488966402723
655,Alexander Lee,,26,0,3,20,,60000,3.7,2.0,11.002099841204238
656,Sophia Johnson,,24,0,4,23,,61000,3.5,1.0,11.018629143155449
657,Lucas Taylor,,23,0,0,16,,0,3.9,2.0,
658,Emma Martinez,,26,0,2,24,,65000,3.7,1.0,11.082142548877775
659,Aiden Davis,,24,0,0,18,,66000,3.8,3.0,11.097410021008562
660,Mia Wilson,,23,0,1,39,,63000,3.6,1.0,11.05089000537367
661,Jack Garcia,,26,0,3,40,,64000,3.9,2.0,11.06663836234181
662,Emma Lopez,,24,0,4,30,,67000,3.9,3.0,11.112447898373103
663,Oliver Rodriguez,,23,0,0,34,,0,3.7,2.0,
664,Chloe Hernandez,,26,0,1,41,,67000,3.8,3.0,11.112447898373103
665,Ava Lee,,24,0,3,12,,66000,3.9,3.0,11.097410021008562
666,Liam Perez,,25,0,0,27,,65000,3.8,3.0,11.082142548877775
667,Isabella Martinez,,23,0,2,22,,66000,3.7,2.0,11.097410021008562
668,Alexander Lee,,26,0,3,32,,0,3.6,1.0,
669,Sophia Johnson,,24,0,4,29,,63000,3.7,2.0,11.05089000537367
670,Lucas Taylor,,23,0,0,36,,62000,3.8,3.0,11.03488966402723
671,Emma Martinez,,26,0,2,20,,60000,3.7,2.0,11.002099841204238
672,Aiden Davis,,24,0,0,23,,61000,3.5,1.0,11.018629143155449
673,Mia Wilson,,23,0,1,16,,0,3.9,2.0,
674,Jack Garcia,,26,0,3,24,,65000,3.7,1.0,11.082142548877775
675,Emma Lopez,,24,0,4,18,,66000,3.8,3.0,11.097410021008562
676,Oliver Rodriguez,,23,0,0,39,,63000,3.6,1.0,11.05089000537367
677,Chloe Hernandez,,26,0,1,40,,64000,3.9,2.0,11.06663836234181
678,Ava Lee,,24,0,3,30,,67000,3.9,3.0,11.112447898373103
679,Liam Perez,,25,0,0,34,,0,3.7,2.0,
680,Isabella Martinez,,23,0,2,41,,67000,3.8,3.0,11.112447898373103
681,Alexander Lee,,26,0,3,12,,66000,3.9,3.0,11.097410021008562
682,Sophia Johnson,,24,0,4,27,,65000,3.8,3.0,11.082142548877775
683,Lucas Taylor,,23,0,0,22,,66000,3.7,2.0,11.097410021008562
684,Emma Martinez,,26,0,2,32,,0,3.6,1.0,
685,Aiden Davis,,24,0,0,29,,63000,3.7,2.0,11.05089000537367
686,Mia Wilson,,23,0,1,36,,62000,3.8,3.0,11.03488966402723
687,Jack Garcia,,26,0,3,20,,60000,3.7,2.0,11.002099841204238
688,Emma Lopez,,24,0,4,23,,61000,3.5,1.0,11.018629143155449
689,Oliver Rodriguez,,23,0,0,16,,0,3.9,2.0,
690,Chloe Hernandez,,26,0,1,24,,65000,3.7,1.0,11.082142548877775
691,Ava Lee,,24,0,3,18,,66000,3.8,3.0,11.097410021008562
692,Liam Perez,,25,0,0,39,,63000,3.6,1.0,11.05089000537367
693,Isabella Martinez,,23,0,2,40,,64000,3.9,2.0,11.06663836234181
694,Alexander Lee,,26,0,3,30,,67000,3.9,3.0,11.112447898373103
695,Sophia Johnson,,24,0,4,34,,0,3.7,2.0,
696,Lucas Taylor,,23,0,0,41,,67000,3.8,3.0,11.112447898373103
697,Emma Martinez,,26,0,2,12,,66000,3.9,3.0,11.097410021008562
698,Aiden Davis,,24,0,0,27,,65000,3.8,3.0,11.082142548877775
699,Mia Wilson,,23,0,1,22,,66000,3.7,2.0,11.097410021008562
700,Jack Garcia,,26,0,3,32,,0,3.6,1.0,
